"SubscriptionName","ResourceGroup","Name","Type","PrefixEsperado","Problema"
"PlanApp-prd-sub001","pla-we-prd-foresigh-rg001","azca5u3e7b567y2fg","microsoft.app/containerapps","ca","Nome não segue padrão v2.0: esperado 'ca-[workload]-[ambiente]-[regiao]-NNN'"
"PlanApp-prd-sub001","pla-we-prd-foresigh-rg001","legal-text-extractor-v2","microsoft.app/containerapps","ca","Nome não segue padrão v2.0: esperado 'ca-[workload]-[ambiente]-[regiao]-NNN'"
"PlanApp-prd-sub001","pla-we-prd-foresigh-rg001","preenchimento-parecer","microsoft.app/containerapps","ca","Nome não segue padrão v2.0: esperado 'ca-[workload]-[ambiente]-[regiao]-NNN'"
"PlanApp-prd-sub001","pla-we-prd-foresigh-rg001","azcae5u3e7b567y2fg","microsoft.app/managedenvironments","cae","Nome não segue padrão v2.0: esperado 'cae-[workload]-[ambiente]-[regiao]-NNN'"
"PlanApp-prd-sub001","pla-we-prd-foresigh-rg001","legal-text-extractor-env","microsoft.app/managedenvironments","cae","Nome não segue padrão v2.0: esperado 'cae-[workload]-[ambiente]-[regiao]-NNN'"
"PlanApp-prd-sub001","pla-we-prd-foresigh-rg001","preenchimento-parecer","microsoft.app/managedenvironments","cae","Nome não segue padrão v2.0: esperado 'cae-[workload]-[ambiente]-[regiao]-NNN'"
"PlanApp-prd-sub001","rg-ai-pr-sc-001","ai-pr-sc-001-resource","microsoft.cognitiveservices/accounts","cog","Nome não segue padrão v2.0: esperado 'cog-[workload]-[ambiente]-[regiao]-NNN'"
"PlanApp-prd-sub001","pla-we-prd-foresigh-rg001","carlo-mh3hy4t3-swedencentral","microsoft.cognitiveservices/accounts","cog","Nome não segue padrão v2.0: esperado 'cog-[workload]-[ambiente]-[regiao]-NNN'"
"PlanApp-prd-sub001","pla-we-prd-foresigh-rg001","foresigh-openai","microsoft.cognitiveservices/accounts","cog","Nome não segue padrão v2.0: esperado 'cog-[workload]-[ambiente]-[regiao]-NNN'"
"PlanApp-prd-sub001","gtp-npr-0001","gpt-utail-nprd-001","microsoft.cognitiveservices/accounts","cog","Nome não segue padrão v2.0: esperado 'cog-[workload]-[ambiente]-[regiao]-NNN'"
"PlanApp-prd-sub001","pla-we-prd-avd-rg001","avd-ha-3-0_OsDisk_1_f0ca8bf1b01c455c884a3a020cf1a88a","microsoft.compute/disks","disk","Nome não segue padrão v2.0: esperado 'disk-[workload]-[ambiente]-[regiao]-NNN'"
"PlanApp-prd-sub001","pla-we-shared-mgmt-rg001","vm-prd-mgmt001-OSDisk","microsoft.compute/disks","disk","Nome não segue padrão v2.0: esperado 'disk-[workload]-[ambiente]-[regiao]-NNN'"
"PlanApp-prd-sub001","pla-we-prd-avd-rg001","plaweprdgallery001","microsoft.compute/galleries","cgall","Nome não segue padrão v2.0: esperado 'cgall-[workload]-[ambiente]-[regiao]-NNN'"
"PlanApp-prd-sub001","pla-ne-prd-sites-rg002","vm-prd-siail001-DiskSnapshot-full","microsoft.compute/snapshots","snap","Nome não segue padrão v2.0: esperado 'snap-[workload]-[ambiente]-[regiao]-NNN'"
"PlanApp-prd-sub001","pla-we-prd-avd-rg001","avd-ha-3-0","microsoft.compute/virtualmachines","vm","Nome não segue padrão v2.0: esperado 'vm-[workload]-[ambiente]-[regiao]-NNN'"
"PlanApp-prd-sub001","pla-we-nprd-ml-001","20b8b8ac96c44c1eb29519bbf5b47698","microsoft.containerregistry/registries","cr","Nome não segue padrão v2.0: esperado 'cr-[workload]-[ambiente]-[regiao]-NNN'"
"PlanApp-prd-sub001","pla-we-prd-foresigh-rg001","foresighcr001","microsoft.containerregistry/registries","cr","Nome não segue padrão v2.0: esperado 'cr-[workload]-[ambiente]-[regiao]-NNN'"
"PlanApp-prd-sub001","pla-we-i4ia-rg001","iai4001","microsoft.containerregistry/registries","cr","Nome não segue padrão v2.0: esperado 'cr-[workload]-[ambiente]-[regiao]-NNN'"
"PlanApp-prd-sub001","pla-we-prd-lideranc-rg001","lideranca","microsoft.containerregistry/registries","cr","Nome não segue padrão v2.0: esperado 'cr-[workload]-[ambiente]-[regiao]-NNN'"
"PlanApp-prd-sub001","pla-we-prd-finopshub-rg001","finops-hub-engine-cmf5jvnhltgzq","microsoft.datafactory/factories","adf","Nome não segue padrão v2.0: esperado 'adf-[workload]-[ambiente]-[regiao]-NNN'"
"PlanApp-prd-sub001","pla-we-prd-data-rg001","pla-we-prd-data-adf001","microsoft.datafactory/factories","adf","Nome não segue padrão v2.0: esperado 'adf-[workload]-[ambiente]-[regiao]-NNN'"
"PlanApp-prd-sub001","pla-we-nprd-ml-001","mldev0016838627155","microsoft.insights/components","appi","Nome não segue padrão v2.0: esperado 'appi-[workload]-[ambiente]-[regiao]-NNN'"
"PlanApp-prd-sub001","pla-we-prd-finopshub-rg001","finops-hub-cmf5jvnhltgzq","microsoft.keyvault/vaults","kv","Nome não segue padrão v2.0: esperado 'kv-[workload]-[ambiente]-[regiao]-NNN'"
"PlanApp-prd-sub001","pla-we-prd-foresigh-rg001","foresigh-kv","microsoft.keyvault/vaults","kv","Nome não segue padrão v2.0: esperado 'kv-[workload]-[ambiente]-[regiao]-NNN'"
"PlanApp-prd-sub001","pla-we-nprd-ml-001","mldev0018163403939","microsoft.keyvault/vaults","kv","Nome não segue padrão v2.0: esperado 'kv-[workload]-[ambiente]-[regiao]-NNN'"
"PlanApp-prd-sub001","pla-we-prd-netsec-rg001","pla-we-prd-netsec-kv001","microsoft.keyvault/vaults","kv","Nome não segue padrão v2.0: esperado 'kv-[workload]-[ambiente]-[regiao]-NNN'"
"PlanApp-prd-sub001","pla-we-nprd-ml-001","ml-dev-001","microsoft.machinelearningservices/workspaces","mlw","Nome não segue padrão v2.0: esperado 'mlw-[workload]-[ambiente]-[regiao]-NNN'"
"PlanApp-prd-sub001","pla-we-prd-avd-rg001","avd-data-ha-1-nic","microsoft.network/networkinterfaces","nic","Nome não segue padrão v2.0: esperado 'nic-[workload]-[ambiente]-[regiao]-NNN'"
"PlanApp-prd-sub001","pla-we-prd-avd-rg001","avd-ha-3-0-nic","microsoft.network/networkinterfaces","nic","Nome não segue padrão v2.0: esperado 'nic-[workload]-[ambiente]-[regiao]-NNN'"
"PlanApp-prd-sub001","pla-we-prd-avd-rg001","avd-w11-7-nic","microsoft.network/networkinterfaces","nic","Nome não segue padrão v2.0: esperado 'nic-[workload]-[ambiente]-[regiao]-NNN'"
"PlanApp-prd-sub001","pla-ne-prd-sites-rg002","planapp-cpanel-v4929_z1","microsoft.network/networkinterfaces","nic","Nome não segue padrão v2.0: esperado 'nic-[workload]-[ambiente]-[regiao]-NNN'"
"PlanApp-prd-sub001","pla-we-shared-mgmt-rg001","vm-prd-mgmt001-nic001","microsoft.network/networkinterfaces","nic","Nome não segue padrão v2.0: esperado 'nic-[workload]-[ambiente]-[regiao]-NNN'"
"PlanApp-prd-sub001","pla-we-prd-avd-rg001","avd-data-ha-1-nic-nsg","microsoft.network/networksecuritygroups","nsg","Nome não segue padrão v2.0: esperado 'nsg-[workload]-[ambiente]-[regiao]-NNN'"
"PlanApp-prd-sub001","pla-we-prd-data-rg001","databricksnsg4bhcyhyu2rj2y","microsoft.network/networksecuritygroups","nsg","Nome não segue padrão v2.0: esperado 'nsg-[workload]-[ambiente]-[regiao]-NNN'"
"PlanApp-prd-sub001","pla-ne-prd-sites-rg002","planapp-cpanel-v4-nsg","microsoft.network/networksecuritygroups","nsg","Nome não segue padrão v2.0: esperado 'nsg-[workload]-[ambiente]-[regiao]-NNN'"
"PlanApp-prd-sub001","pla-ne-prd-sites-rg002","10milhoes-0dd08466b7-privatelink.mysql.database.azure.com","microsoft.network/privatednszones","dnspr","Nome não segue padrão v2.0: esperado 'dnspr-[workload]-[ambiente]-[regiao]-NNN'"
"PlanApp-prd-sub001","pla-ne-prd-sites-rg002","10milhoesp-b9d0e31f28-privatelink.mysql.database.azure.com","microsoft.network/privatednszones","dnspr","Nome não segue padrão v2.0: esperado 'dnspr-[workload]-[ambiente]-[regiao]-NNN'"
"PlanApp-prd-sub001","pla-ne-prd-sites-rg002","clube2050p-0be3f99616-privatelink.mysql.database.azure.com","microsoft.network/privatednszones","dnspr","Nome não segue padrão v2.0: esperado 'dnspr-[workload]-[ambiente]-[regiao]-NNN'"
"PlanApp-prd-sub001","pla-ne-prd-sites-rg001","congressod-f20d340a68-privatelink.mysql.database.azure.com","microsoft.network/privatednszones","dnspr","Nome não segue padrão v2.0: esperado 'dnspr-[workload]-[ambiente]-[regiao]-NNN'"
"PlanApp-prd-sub001","pla-ne-prd-sites-rg002","envisionpr-7e69805656-privatelink.mysql.database.azure.com","microsoft.network/privatednszones","dnspr","Nome não segue padrão v2.0: esperado 'dnspr-[workload]-[ambiente]-[regiao]-NNN'"
"PlanApp-prd-sub001","pla-ne-prd-sites-rg002","lab2050prd-2a701e99ee-privatelink.mysql.database.azure.com","microsoft.network/privatednszones","dnspr","Nome não segue padrão v2.0: esperado 'dnspr-[workload]-[ambiente]-[regiao]-NNN'"
"PlanApp-prd-sub001","pla-we-prd-lideranc-rg001","lideranc-prd-mysql.private.mysql.database.azure.com","microsoft.network/privatednszones","dnspr","Nome não segue padrão v2.0: esperado 'dnspr-[workload]-[ambiente]-[regiao]-NNN'"
"PlanApp-prd-sub001","pla-ne-prd-sites-rg002","planappprd-5687f10476-privatelink.mysql.database.azure.com","microsoft.network/privatednszones","dnspr","Nome não segue padrão v2.0: esperado 'dnspr-[workload]-[ambiente]-[regiao]-NNN'"
"PlanApp-prd-sub001","pla-ne-prd-sites-rg002","planappprd-ae99cfd7c7-privatelink.mysql.database.azure.com","microsoft.network/privatednszones","dnspr","Nome não segue padrão v2.0: esperado 'dnspr-[workload]-[ambiente]-[regiao]-NNN'"
"PlanApp-prd-sub001","pla-ne-prd-sites-rg004","portalplan-1ada35a364-privatelink.mysql.database.azure.com","microsoft.network/privatednszones","dnspr","Nome não segue padrão v2.0: esperado 'dnspr-[workload]-[ambiente]-[regiao]-NNN'"
"PlanApp-prd-sub001","pla-we-prd-data-rg001","privatelink.database.windows.net","microsoft.network/privatednszones","dnspr","Nome não segue padrão v2.0: esperado 'dnspr-[workload]-[ambiente]-[regiao]-NNN'"
"PlanApp-prd-sub001","pla-we-prd-avd-rg001","privatelink.file.core.windows.net","microsoft.network/privatednszones","dnspr","Nome não segue padrão v2.0: esperado 'dnspr-[workload]-[ambiente]-[regiao]-NNN'"
"PlanApp-prd-sub001","pla-ne-prd-sites-rg002","privatelink.mysql.database.azure.com","microsoft.network/privatednszones","dnspr","Nome não segue padrão v2.0: esperado 'dnspr-[workload]-[ambiente]-[regiao]-NNN'"
"PlanApp-prd-sub001","pla-ne-prd-sites-rg002","privatelink.postgres.database.azure.com","microsoft.network/privatednszones","dnspr","Nome não segue padrão v2.0: esperado 'dnspr-[workload]-[ambiente]-[regiao]-NNN'"
"PlanApp-prd-sub001","pla-ne-prd-sites-rg003","privatelink.postgres.database.azure.com","microsoft.network/privatednszones","dnspr","Nome não segue padrão v2.0: esperado 'dnspr-[workload]-[ambiente]-[regiao]-NNN'"
"PlanApp-prd-sub001","pla-ne-prd-sites-rg002","privatelink.redis.cache.windows.net","microsoft.network/privatednszones","dnspr","Nome não segue padrão v2.0: esperado 'dnspr-[workload]-[ambiente]-[regiao]-NNN'"
"PlanApp-prd-sub001","pla-ne-prd-sites-rg003","privatelink.redis.cache.windows.net","microsoft.network/privatednszones","dnspr","Nome não segue padrão v2.0: esperado 'dnspr-[workload]-[ambiente]-[regiao]-NNN'"
"PlanApp-prd-sub001","pla-sc-prd-ptsust-rg001","ptsustenta-fcfca31c83-privatelink.mysql.database.azure.com","microsoft.network/privatednszones","dnspr","Nome não segue padrão v2.0: esperado 'dnspr-[workload]-[ambiente]-[regiao]-NNN'"
"PlanApp-prd-sub001","pla-we-prd-data-rg001","pe-adf-data-001","microsoft.network/privateendpoints","pep","Nome não segue padrão v2.0: esperado 'pep-[workload]-[ambiente]-[regiao]-NNN'"
"PlanApp-prd-sub001","pla-we-prd-data-rg001","pe-adf-data-002","microsoft.network/privateendpoints","pep","Nome não segue padrão v2.0: esperado 'pep-[workload]-[ambiente]-[regiao]-NNN'"
"PlanApp-prd-sub001","pla-we-prd-data-rg001","pe-data-sql-001","microsoft.network/privateendpoints","pep","Nome não segue padrão v2.0: esperado 'pep-[workload]-[ambiente]-[regiao]-NNN'"
"PlanApp-prd-sub001","pla-we-prd-data-rg001","pe-data-stg-001","microsoft.network/privateendpoints","pep","Nome não segue padrão v2.0: esperado 'pep-[workload]-[ambiente]-[regiao]-NNN'"
"PlanApp-prd-sub001","pla-we-prd-avd-rg001","pe-stg-avd-001","microsoft.network/privateendpoints","pep","Nome não segue padrão v2.0: esperado 'pep-[workload]-[ambiente]-[regiao]-NNN'"
"PlanApp-prd-sub001","pla-we-shared-prd-rg001","pe-stg-avd-001","microsoft.network/privateendpoints","pep","Nome não segue padrão v2.0: esperado 'pep-[workload]-[ambiente]-[regiao]-NNN'"
"PlanApp-prd-sub001","pla-ne-prd-sites-rg002","planapp-cpanel-v4-ip","microsoft.network/publicipaddresses","pip","Nome não segue padrão v2.0: esperado 'pip-[workload]-[ambiente]-[regiao]-NNN'"
"PlanApp-prd-sub001","pla-ne-prd-sites-rg004","pla-ne-prd-sites-vnet001-prd-sites-snet001-rt001","microsoft.network/routetables","rt","Nome não segue padrão v2.0: esperado 'rt-[workload]-[ambiente]-[regiao]-NNN'"
"PlanApp-prd-sub001","pla-sc-prd-ptsust-rg001","pla-sc-prd-ptsust-vnet001-prd-ptsust-snet001-rt001","microsoft.network/routetables","rt","Nome não segue padrão v2.0: esperado 'rt-[workload]-[ambiente]-[regiao]-NNN'"
"PlanApp-prd-sub001","pla-we-prd-netsec-rg001","pla-we-prd-data-vnet001-rt001","microsoft.network/routetables","rt","Nome não segue padrão v2.0: esperado 'rt-[workload]-[ambiente]-[regiao]-NNN'"
"PlanApp-prd-sub001","pla-we-prd-foresigh-rg001","pla-we-prd-foresigh-vnet001-prd-foresigh-snet001-rt001","microsoft.network/routetables","rt","Nome não segue padrão v2.0: esperado 'rt-[workload]-[ambiente]-[regiao]-NNN'"
"PlanApp-prd-sub001","pla-we-prd-lideranc-rg001","pla-we-prd-lideranc-vnet001-prd-lideranc-snet001-rt001","microsoft.network/routetables","rt","Nome não segue padrão v2.0: esperado 'rt-[workload]-[ambiente]-[regiao]-NNN'"
"PlanApp-prd-sub001","pla-we-prd-netsec-rg001","pla-we-prd-shared-vnet001-rt001","microsoft.network/routetables","rt","Nome não segue padrão v2.0: esperado 'rt-[workload]-[ambiente]-[regiao]-NNN'"
"PlanApp-prd-sub001","pla-ne-prd-sites-rg001","congressodofuturo_vnet","microsoft.network/virtualnetworks","vnet","Nome não segue padrão v2.0: esperado 'vnet-[workload]-[ambiente]-[regiao]-NNN'"
"PlanApp-prd-sub001","pla-ne-prd-sites-rg004","pla-ne-prd-sites-vnet001","microsoft.network/virtualnetworks","vnet","Nome não segue padrão v2.0: esperado 'vnet-[workload]-[ambiente]-[regiao]-NNN'"
"PlanApp-prd-sub001","pla-sc-prd-ptsust-rg001","pla-sc-prd-ptsust-vnet001","microsoft.network/virtualnetworks","vnet","Nome não segue padrão v2.0: esperado 'vnet-[workload]-[ambiente]-[regiao]-NNN'"
"PlanApp-prd-sub001","pla-we-prd-data-rg001","pla-we-prd-data-vnet001","microsoft.network/virtualnetworks","vnet","Nome não segue padrão v2.0: esperado 'vnet-[workload]-[ambiente]-[regiao]-NNN'"
"PlanApp-prd-sub001","pla-we-prd-foresigh-rg001","pla-we-prd-foresigh-vnet001","microsoft.network/virtualnetworks","vnet","Nome não segue padrão v2.0: esperado 'vnet-[workload]-[ambiente]-[regiao]-NNN'"
"PlanApp-prd-sub001","pla-we-prd-lideranc-rg001","pla-we-prd-lideranc-vnet001","microsoft.network/virtualnetworks","vnet","Nome não segue padrão v2.0: esperado 'vnet-[workload]-[ambiente]-[regiao]-NNN'"
"PlanApp-prd-sub001","pla-we-prd-netsec-rg001","pla-we-prd-shared-vnet001","microsoft.network/virtualnetworks","vnet","Nome não segue padrão v2.0: esperado 'vnet-[workload]-[ambiente]-[regiao]-NNN'"
"PlanApp-prd-sub001","pla-we-prd-data-rg001","plawenprddatadl001_vNet2003347","microsoft.network/virtualnetworks","vnet","Nome não segue padrão v2.0: esperado 'vnet-[workload]-[ambiente]-[regiao]-NNN'"
"PlanApp-prd-sub001","pla-ne-prd-sites-rg002","siail-prd-v3Vnet","microsoft.network/virtualnetworks","vnet","Nome não segue padrão v2.0: esperado 'vnet-[workload]-[ambiente]-[regiao]-NNN'"
"PlanApp-prd-sub001","pla-ne-prd-sites-rg003","siail-prd-v3Vnet","microsoft.network/virtualnetworks","vnet","Nome não segue padrão v2.0: esperado 'vnet-[workload]-[ambiente]-[regiao]-NNN'"
"PlanApp-prd-sub001","pla-ne-prd-sites-rg002","siail-prd-v4Vnet","microsoft.network/virtualnetworks","vnet","Nome não segue padrão v2.0: esperado 'vnet-[workload]-[ambiente]-[regiao]-NNN'"
"PlanApp-prd-sub001","defaultresourcegroup-neu","DefaultWorkspace-4fae9137-e1bc-4ee1-ba0a-00cde430bfb3-NEU","microsoft.operationalinsights/workspaces","law","Nome não segue padrão v2.0: esperado 'law-[workload]-[ambiente]-[regiao]-NNN'"
"PlanApp-prd-sub001","pla-we-prd-foresigh-rg001","azlog5u3e7b567y2fg","microsoft.operationalinsights/workspaces","law","Nome não segue padrão v2.0: esperado 'law-[workload]-[ambiente]-[regiao]-NNN'"
"PlanApp-prd-sub001","pla-we-nprd-ml-001","mldev0012969547486","microsoft.operationalinsights/workspaces","law","Nome não segue padrão v2.0: esperado 'law-[workload]-[ambiente]-[regiao]-NNN'"
"PlanApp-prd-sub001","pla-we-prd-foresigh-rg001","preenchimento-parecer-logs","microsoft.operationalinsights/workspaces","law","Nome não segue padrão v2.0: esperado 'law-[workload]-[ambiente]-[regiao]-NNN'"
"PlanApp-prd-sub001","pla-we-prd-foresigh-rg001","workspace-plaweprdforesighrg001qwBI","microsoft.operationalinsights/workspaces","law","Nome não segue padrão v2.0: esperado 'law-[workload]-[ambiente]-[regiao]-NNN'"
"PlanApp-prd-sub001","pla-we-i4ia-rg001","workspaceplawei4iarg00199eb","microsoft.operationalinsights/workspaces","law","Nome não segue padrão v2.0: esperado 'law-[workload]-[ambiente]-[regiao]-NNN'"
"PlanApp-prd-sub001","pla-we-prd-lideranc-rg001","workspaceplaweprdliderancrg001ac27","microsoft.operationalinsights/workspaces","law","Nome não segue padrão v2.0: esperado 'law-[workload]-[ambiente]-[regiao]-NNN'"
"PlanApp-prd-sub001","pla-we-shared-mgmt-rg001","pla-we-prd-shared-rsv001","microsoft.recoveryservices/vaults","rsv","Nome não segue padrão v2.0: esperado 'rsv-[workload]-[ambiente]-[regiao]-NNN'"
"PlanApp-prd-sub001","pla-we-prd-data-rg001","pla-we-prd-data-sql001","microsoft.sql/servers","sql","Nome não segue padrão v2.0: esperado 'sql-[workload]-[ambiente]-[regiao]-NNN'"
"PlanApp-prd-sub001","pla-we-prd-data-rg001","master","microsoft.sql/servers/databases","sqldb","Nome não segue padrão v2.0: esperado 'sqldb-[workload]-[ambiente]-[regiao]-NNN'"
"PlanApp-prd-sub001","pla-we-prd-data-rg001","pla-we-prd-data-sqldb-stg-002","microsoft.sql/servers/databases","sqldb","Nome não segue padrão v2.0: esperado 'sqldb-[workload]-[ambiente]-[regiao]-NNN'"
"PlanApp-prd-sub001","pla-we-prd-data-rg001","pla-we-prd-data-sqldb-stg-002-DEV","microsoft.sql/servers/databases","sqldb","Nome não segue padrão v2.0: esperado 'sqldb-[workload]-[ambiente]-[regiao]-NNN'"
"PlanApp-prd-sub001","pla-ne-prd-sites-rg002","10milhoesp945b34c014","microsoft.storage/storageaccounts","sa","Storage Account deve começar por 'st' sem hífens (máx 24 chars)"
"PlanApp-prd-sub001","pla-ne-prd-sites-rg002","clube2050p9483d39114","microsoft.storage/storageaccounts","sa","Storage Account deve começar por 'st' sem hífens (máx 24 chars)"
"PlanApp-prd-sub001","pla-we-prd-data-dbw-rg002","dbstoragendz4xsekakfpy","microsoft.storage/storageaccounts","sa","Storage Account deve começar por 'st' sem hífens (máx 24 chars)"
"PlanApp-prd-sub001","pla-ne-prd-sites-rg002","envisionpr3a832e40d1","microsoft.storage/storageaccounts","sa","Storage Account deve começar por 'st' sem hífens (máx 24 chars)"
"PlanApp-prd-sub001","pla-we-prd-finopshub-rg001","finopshubcmf5jvnhltgzq","microsoft.storage/storageaccounts","sa","Storage Account deve começar por 'st' sem hífens (máx 24 chars)"
"PlanApp-prd-sub001","pla-we-prd-foresigh-rg001","foresighstgprd","microsoft.storage/storageaccounts","sa","Storage Account deve começar por 'st' sem hífens (máx 24 chars)"
"PlanApp-prd-sub001","pla-ne-prd-sites-rg002","lab2050prd30be006671","microsoft.storage/storageaccounts","sa","Storage Account deve começar por 'st' sem hífens (máx 24 chars)"
"PlanApp-prd-sub001","pla-we-prd-foresigh-rg001","n8nforesightst001","microsoft.storage/storageaccounts","sa","Storage Account deve começar por 'st' sem hífens (máx 24 chars)"
"PlanApp-prd-sub001","pla-ne-prd-sites-rg002","planappprd53678aaf27","microsoft.storage/storageaccounts","sa","Storage Account deve começar por 'st' sem hífens (máx 24 chars)"
"PlanApp-prd-sub001","pla-ne-prd-sites-rg002","planappprd5841f549e7","microsoft.storage/storageaccounts","sa","Storage Account deve começar por 'st' sem hífens (máx 24 chars)"
"PlanApp-prd-sub001","pla-ne-prd-sites-rg001","planeprddezmfutsa001","microsoft.storage/storageaccounts","sa","Storage Account deve começar por 'st' sem hífens (máx 24 chars)"
"PlanApp-prd-sub001","pla-we-prd-data-rg001","plawenprddatasa001","microsoft.storage/storageaccounts","sa","Storage Account deve começar por 'st' sem hífens (máx 24 chars)"
"PlanApp-prd-sub001","pla-we-prd-data-sphere-rg001","plaweprddataspheresa001","microsoft.storage/storageaccounts","sa","Storage Account deve começar por 'st' sem hífens (máx 24 chars)"
"PlanApp-prd-sub001","pla-we-shared-prd-rg001","plaweprdfssa001","microsoft.storage/storageaccounts","sa","Storage Account deve começar por 'st' sem hífens (máx 24 chars)"
"PlanApp-prd-sub001","pla-we-shared-mgmt-rg001","plaweprdlogssa001","microsoft.storage/storageaccounts","sa","Storage Account deve começar por 'st' sem hífens (máx 24 chars)"
"PlanApp-prd-sub001","pla-ne-prd-sites-rg004","portalplan1ada35a364","microsoft.storage/storageaccounts","sa","Storage Account deve começar por 'st' sem hífens (máx 24 chars)"
"PlanApp-prd-sub001","pla-we-prd-foresigh-rg001","preenchimentoparecer","microsoft.storage/storageaccounts","sa","Storage Account deve começar por 'st' sem hífens (máx 24 chars)"
"PlanApp-prd-sub001","pla-sc-prd-ptsust-rg001","ptsustentafcfca31c83","microsoft.storage/storageaccounts","sa","Storage Account deve começar por 'st' sem hífens (máx 24 chars)"
"PlanApp-prd-sub001","pla-ne-prd-sites-rg002","10milhoes-prd-v2","microsoft.web/sites","app","Nome não segue padrão v2.0: esperado 'app-[workload]-[ambiente]-[regiao]-NNN'"
"PlanApp-prd-sub001","pla-ne-prd-sites-rg002","clube2050-prd-v2","microsoft.web/sites","app","Nome não segue padrão v2.0: esperado 'app-[workload]-[ambiente]-[regiao]-NNN'"
"PlanApp-prd-sub001","pla-ne-prd-sites-rg001","congressodofuturo-prd-v2","microsoft.web/sites","app","Nome não segue padrão v2.0: esperado 'app-[workload]-[ambiente]-[regiao]-NNN'"
"PlanApp-prd-sub001","pla-ne-prd-sites-rg002","envision-prd-v2","microsoft.web/sites","app","Nome não segue padrão v2.0: esperado 'app-[workload]-[ambiente]-[regiao]-NNN'"
"PlanApp-prd-sub001","pla-ne-prd-sites-rg002","lab2050-prd-v2","microsoft.web/sites","app","Nome não segue padrão v2.0: esperado 'app-[workload]-[ambiente]-[regiao]-NNN'"
"PlanApp-prd-sub001","pla-ne-prd-sites-rg002","planapp-prd-v2","microsoft.web/sites","app","Nome não segue padrão v2.0: esperado 'app-[workload]-[ambiente]-[regiao]-NNN'"
"PlanApp-prd-sub001","pla-ne-prd-sites-rg002","planapp-prd-v3","microsoft.web/sites","app","Nome não segue padrão v2.0: esperado 'app-[workload]-[ambiente]-[regiao]-NNN'"
"PlanApp-prd-sub001","pla-ne-prd-sites-rg004","portal-planapp","microsoft.web/sites","app","Nome não segue padrão v2.0: esperado 'app-[workload]-[ambiente]-[regiao]-NNN'"
"PlanApp-prd-sub001","pla-sc-prd-ptsust-rg001","ptsustentavel","microsoft.web/sites","app","Nome não segue padrão v2.0: esperado 'app-[workload]-[ambiente]-[regiao]-NNN'"
"PlanApp-prd-sub001","pla-ne-prd-sites-rg003","siail-prd-v3","microsoft.web/sites","app","Nome não segue padrão v2.0: esperado 'app-[workload]-[ambiente]-[regiao]-NNN'"
"PlanAPP-AZURE-TEMP","ai2","VM-AI2-ip","microsoft.network/publicipaddresses","pip","Nome não segue padrão v2.0: esperado 'pip-[workload]-[ambiente]-[regiao]-NNN'"
"PlanAPP-AZURE-TEMP","ai2","VM-AI2-vnet","microsoft.network/virtualnetworks","vnet","Nome não segue padrão v2.0: esperado 'vnet-[workload]-[ambiente]-[regiao]-NNN'"
"PlanApp-hub-sub001","pla-we-shared-hub-rg001","vm-hub-addc-01_OsDisk_1_e14f05d3a2d0482bbb33795c223a94e5","microsoft.compute/disks","disk","Nome não segue padrão v2.0: esperado 'disk-[workload]-[ambiente]-[regiao]-NNN'"
"PlanApp-hub-sub001","pla-we-shared-mgmt-rg001","vm-hub-mgmt001-OSDisk","microsoft.compute/disks","disk","Nome não segue padrão v2.0: esperado 'disk-[workload]-[ambiente]-[regiao]-NNN'"
"PlanApp-hub-sub001","pla-we-shared-hub-rg001","vm-hub-test-001_OsDisk_1_f02d5d8739ca4a01bdbab224d3104f19","microsoft.compute/disks","disk","Nome não segue padrão v2.0: esperado 'disk-[workload]-[ambiente]-[regiao]-NNN'"
"PlanApp-hub-sub001","pla-ne-nettest-rg001","win-nettest-agw_OsDisk_1_39fea84fac5c47c2958d87b25db6cf67","microsoft.compute/disks","disk","Nome não segue padrão v2.0: esperado 'disk-[workload]-[ambiente]-[regiao]-NNN'"
"PlanApp-hub-sub001","pla-ne-nettest-rg001","win-nettest-agw","microsoft.compute/virtualmachines","vm","Nome não segue padrão v2.0: esperado 'vm-[workload]-[ambiente]-[regiao]-NNN'"
"PlanApp-hub-sub001","pla-we-hub-netsec-rg001","pla-we-hub-netsec-kv001","microsoft.keyvault/vaults","kv","Nome não segue padrão v2.0: esperado 'kv-[workload]-[ambiente]-[regiao]-NNN'"
"PlanApp-hub-sub001","pla-ne-hub-netsec-rg002","pla-ne-pp-shared-agw001","microsoft.network/applicationgateways","agw","Nome não segue padrão v2.0: esperado 'agw-[workload]-[ambiente]-[regiao]-NNN'"
"PlanApp-hub-sub001","pla-ne-hub-netsec-rg002","pla-ne-prd-shared-agw001","microsoft.network/applicationgateways","agw","Nome não segue padrão v2.0: esperado 'agw-[workload]-[ambiente]-[regiao]-NNN'"
"PlanApp-hub-sub001","pla-we-shared-hub-rg002","pla-we-prd-shared-agw001","microsoft.network/applicationgateways","agw","Nome não segue padrão v2.0: esperado 'agw-[workload]-[ambiente]-[regiao]-NNN'"
"PlanApp-hub-sub001","pla-we-shared-mgmt-rg001","pla-we-hub-shared-bas001","microsoft.network/bastionhosts","bas","Nome não segue padrão v2.0: esperado 'bas-[workload]-[ambiente]-[regiao]-NNN'"
"PlanApp-hub-sub001","pla-we-hub-netsec-rg001","pla-we-hub-shared-vnet001-pla-pt-prd-ff-lgw001-cn001","microsoft.network/connections","con","Nome não segue padrão v2.0: esperado 'con-[workload]-[ambiente]-[regiao]-NNN'"
"PlanApp-hub-sub001","pla-we-hub-netsec-rg001","pla-we-shared-hub-afw001-polic001","microsoft.network/firewallpolicies","afwp","Nome não segue padrão v2.0: esperado 'afwp-[workload]-[ambiente]-[regiao]-NNN'"
"PlanApp-hub-sub001","pla-we-hub-netsec-rg001","pla-pt-prd-ff-lgw001","microsoft.network/localnetworkgateways","lgw","Nome não segue padrão v2.0: esperado 'lgw-[workload]-[ambiente]-[regiao]-NNN'"
"PlanApp-hub-sub001","pla-ne-hub-netsec-rg002","pte-stg-001.nic.ad7b11a0-8590-4429-b2c9-8bce7fd7829b","microsoft.network/networkinterfaces","nic","Nome não segue padrão v2.0: esperado 'nic-[workload]-[ambiente]-[regiao]-NNN'"
"PlanApp-hub-sub001","pla-we-shared-hub-rg001","vm-hub-addc-01693_z1","microsoft.network/networkinterfaces","nic","Nome não segue padrão v2.0: esperado 'nic-[workload]-[ambiente]-[regiao]-NNN'"
"PlanApp-hub-sub001","pla-we-shared-mgmt-rg001","vm-hub-mgmt001-nic001","microsoft.network/networkinterfaces","nic","Nome não segue padrão v2.0: esperado 'nic-[workload]-[ambiente]-[regiao]-NNN'"
"PlanApp-hub-sub001","pla-we-shared-hub-rg001","vm-hub-test-001283_z1","microsoft.network/networkinterfaces","nic","Nome não segue padrão v2.0: esperado 'nic-[workload]-[ambiente]-[regiao]-NNN'"
"PlanApp-hub-sub001","pla-ne-nettest-rg001","win-nettest-agwNIC","microsoft.network/networkinterfaces","nic","Nome não segue padrão v2.0: esperado 'nic-[workload]-[ambiente]-[regiao]-NNN'"
"PlanApp-hub-sub001","pla-ne-hub-netsec-rg002","hub-workload-nsg","microsoft.network/networksecuritygroups","nsg","Nome não segue padrão v2.0: esperado 'nsg-[workload]-[ambiente]-[regiao]-NNN'"
"PlanApp-hub-sub001","pla-we-shared-hub-rg001","vm-hub-test-001-nsg","microsoft.network/networksecuritygroups","nsg","Nome não segue padrão v2.0: esperado 'nsg-[workload]-[ambiente]-[regiao]-NNN'"
"PlanApp-hub-sub001","pla-we-shared-hub-rg001","planapp.gov.pt","microsoft.network/privatednszones","dnspr","Nome não segue padrão v2.0: esperado 'dnspr-[workload]-[ambiente]-[regiao]-NNN'"
"PlanApp-hub-sub001","pla-we-hub-netsec-rg001","planapp.pt","microsoft.network/privatednszones","dnspr","Nome não segue padrão v2.0: esperado 'dnspr-[workload]-[ambiente]-[regiao]-NNN'"
"PlanApp-hub-sub001","pla-we-hub-netsec-rg001","privatelink.adf.azure.com","microsoft.network/privatednszones","dnspr","Nome não segue padrão v2.0: esperado 'dnspr-[workload]-[ambiente]-[regiao]-NNN'"
"PlanApp-hub-sub001","pla-ne-hub-netsec-rg002","privatelink.azurewebsites.net","microsoft.network/privatednszones","dnspr","Nome não segue padrão v2.0: esperado 'dnspr-[workload]-[ambiente]-[regiao]-NNN'"
"PlanApp-hub-sub001","pla-we-hub-netsec-rg001","privatelink.azurewebsites.net","microsoft.network/privatednszones","dnspr","Nome não segue padrão v2.0: esperado 'dnspr-[workload]-[ambiente]-[regiao]-NNN'"
"PlanApp-hub-sub001","pla-we-hub-netsec-rg001","privatelink.blob.core.windows.net","microsoft.network/privatednszones","dnspr","Nome não segue padrão v2.0: esperado 'dnspr-[workload]-[ambiente]-[regiao]-NNN'"
"PlanApp-hub-sub001","pla-we-hub-netsec-rg001","privatelink.database.windows.net","microsoft.network/privatednszones","dnspr","Nome não segue padrão v2.0: esperado 'dnspr-[workload]-[ambiente]-[regiao]-NNN'"
"PlanApp-hub-sub001","pla-we-hub-netsec-rg001","privatelink.datafactory.azure.net","microsoft.network/privatednszones","dnspr","Nome não segue padrão v2.0: esperado 'dnspr-[workload]-[ambiente]-[regiao]-NNN'"
"PlanApp-hub-sub001","pla-ne-hub-netsec-rg002","pte-stg-001","microsoft.network/privateendpoints","pep","Nome não segue padrão v2.0: esperado 'pep-[workload]-[ambiente]-[regiao]-NNN'"
"PlanApp-hub-sub001","pla-ne-hub-netsec-rg002","pla-ne-prd-shared-agw001-pip","microsoft.network/publicipaddresses","pip","Nome não segue padrão v2.0: esperado 'pip-[workload]-[ambiente]-[regiao]-NNN'"
"PlanApp-hub-sub001","pla-ne-hub-netsec-rg002","pla-ne-prd-shared-agw001-pip001","microsoft.network/publicipaddresses","pip","Nome não segue padrão v2.0: esperado 'pip-[workload]-[ambiente]-[regiao]-NNN'"
"PlanApp-hub-sub001","pla-we-hub-netsec-rg001","pla-we-hub-ExRgw001-ip","microsoft.network/publicipaddresses","pip","Nome não segue padrão v2.0: esperado 'pip-[workload]-[ambiente]-[regiao]-NNN'"
"PlanApp-hub-sub001","pla-we-shared-mgmt-rg001","pla-we-hub-shared-bas001-pip001","microsoft.network/publicipaddresses","pip","Nome não segue padrão v2.0: esperado 'pip-[workload]-[ambiente]-[regiao]-NNN'"
"PlanApp-hub-sub001","pla-we-hub-netsec-rg001","pla-we-hub-shared-vnet001-vgw001-pip001","microsoft.network/publicipaddresses","pip","Nome não segue padrão v2.0: esperado 'pip-[workload]-[ambiente]-[regiao]-NNN'"
"PlanApp-hub-sub001","pla-we-hub-netsec-rg001","pla-we-nprd-shared-agw002-pip001","microsoft.network/publicipaddresses","pip","Nome não segue padrão v2.0: esperado 'pip-[workload]-[ambiente]-[regiao]-NNN'"
"PlanApp-hub-sub001","pla-we-shared-hub-rg002","pla-we-prd-shared-agw001-pip001","microsoft.network/publicipaddresses","pip","Nome não segue padrão v2.0: esperado 'pip-[workload]-[ambiente]-[regiao]-NNN'"
"PlanApp-hub-sub001","pla-we-shared-hub-rg001","pla-we-shared-hub-addc-public-ip-rg001","microsoft.network/publicipaddresses","pip","Nome não segue padrão v2.0: esperado 'pip-[workload]-[ambiente]-[regiao]-NNN'"
"PlanApp-hub-sub001","pla-we-hub-netsec-rg001","pla-we-shared-hub-afw001-pip001","microsoft.network/publicipaddresses","pip","Nome não segue padrão v2.0: esperado 'pip-[workload]-[ambiente]-[regiao]-NNN'"
"PlanApp-hub-sub001","pla-we-shared-hub-rg001","vm-hub-test-001-ip","microsoft.network/publicipaddresses","pip","Nome não segue padrão v2.0: esperado 'pip-[workload]-[ambiente]-[regiao]-NNN'"
"PlanApp-hub-sub001","pla-ne-nettest-rg001","win-nettest-agwPIP","microsoft.network/publicipaddresses","pip","Nome não segue padrão v2.0: esperado 'pip-[workload]-[ambiente]-[regiao]-NNN'"
"PlanApp-hub-sub001","pla-ne-hub-netsec-rg002","pla-ne-hub-shared-vnet002-appgw-rt001","microsoft.network/routetables","rt","Nome não segue padrão v2.0: esperado 'rt-[workload]-[ambiente]-[regiao]-NNN'"
"PlanApp-hub-sub001","pla-we-hub-netsec-rg001","pla-we-hub-shared-vnet001-GatewaySubnet-rt001","microsoft.network/routetables","rt","Nome não segue padrão v2.0: esperado 'rt-[workload]-[ambiente]-[regiao]-NNN'"
"PlanApp-hub-sub001","pla-we-hub-netsec-rg001","pla-we-hub-shared-vnet001-rt001","microsoft.network/routetables","rt","Nome não segue padrão v2.0: esperado 'rt-[workload]-[ambiente]-[regiao]-NNN'"
"PlanApp-hub-sub001","pla-we-hub-netsec-rg001","pla-we-hub-shared-vnet001-vgw001","microsoft.network/virtualnetworkgateways","vgw","Nome não segue padrão v2.0: esperado 'vgw-[workload]-[ambiente]-[regiao]-NNN'"
"PlanApp-hub-sub001","pla-ne-hub-netsec-rg002","pla-ne-hub-shared-vnet002","microsoft.network/virtualnetworks","vnet","Nome não segue padrão v2.0: esperado 'vnet-[workload]-[ambiente]-[regiao]-NNN'"
"PlanApp-hub-sub001","pla-we-hub-netsec-rg001","pla-we-hub-shared-vnet001","microsoft.network/virtualnetworks","vnet","Nome não segue padrão v2.0: esperado 'vnet-[workload]-[ambiente]-[regiao]-NNN'"
"PlanApp-hub-sub001","pla-we-shared-hub-rg002","pla-we-hub-shared-vnet002","microsoft.network/virtualnetworks","vnet","Nome não segue padrão v2.0: esperado 'vnet-[workload]-[ambiente]-[regiao]-NNN'"
"PlanApp-hub-sub001","pla-we-shared-mgmt-rg001","pla-we-hub-netsec-law001","microsoft.operationalinsights/workspaces","law","Nome não segue padrão v2.0: esperado 'law-[workload]-[ambiente]-[regiao]-NNN'"
"PlanApp-hub-sub001","pla-we-shared-mgmt-rg001","plawehublogssa001","microsoft.storage/storageaccounts","sa","Storage Account deve começar por 'st' sem hífens (máx 24 chars)"
"PlanApp-nprd-sub001","pla-we-nprd-inalab-rg001","aca-chatui-planappdeepresearch-p","microsoft.app/containerapps","ca","Nome não segue padrão v2.0: esperado 'ca-[workload]-[ambiente]-[regiao]-NNN'"
"PlanApp-nprd-sub001","pla-we-nprd-inalab-rg001","aca-mcp-planappdeepresearch-p","microsoft.app/containerapps","ca","Nome não segue padrão v2.0: esperado 'ca-[workload]-[ambiente]-[regiao]-NNN'"
"PlanApp-nprd-sub001","pla-we-nprd-inalab-rg001","aca-openwebui-p","microsoft.app/containerapps","ca","Nome não segue padrão v2.0: esperado 'ca-[workload]-[ambiente]-[regiao]-NNN'"
"PlanApp-nprd-sub001","pla-we-nprd-inalab-rg001","aca-rag-planappdeepresearch-p","microsoft.app/containerapps","ca","Nome não segue padrão v2.0: esperado 'ca-[workload]-[ambiente]-[regiao]-NNN'"
"PlanApp-nprd-sub001","pla-we-nprd-inalab-rg001","aca-res-planappdeepresearch-p","microsoft.app/containerapps","ca","Nome não segue padrão v2.0: esperado 'ca-[workload]-[ambiente]-[regiao]-NNN'"
"PlanApp-nprd-sub001","pla-we-nprd-inalab-rg001","aca-res-prod","microsoft.app/containerapps","ca","Nome não segue padrão v2.0: esperado 'ca-[workload]-[ambiente]-[regiao]-NNN'"
"PlanApp-nprd-sub001","pla-we-dev-adse-rg001","adse-survey-runtime-web2","microsoft.app/containerapps","ca","Nome não segue padrão v2.0: esperado 'ca-[workload]-[ambiente]-[regiao]-NNN'"
"PlanApp-nprd-sub001","pla-we-dev-adse-rg001","adse-survey-runtime-worker2","microsoft.app/containerapps","ca","Nome não segue padrão v2.0: esperado 'ca-[workload]-[ambiente]-[regiao]-NNN'"
"PlanApp-nprd-sub001","pla-we-nprd-naelabs-rg001","ai2-validator","microsoft.app/containerapps","ca","Nome não segue padrão v2.0: esperado 'ca-[workload]-[ambiente]-[regiao]-NNN'"
"PlanApp-nprd-sub001","pla-we-nprd-naelabs-rg001","obstaculos-validator","microsoft.app/containerapps","ca","Nome não segue padrão v2.0: esperado 'ca-[workload]-[ambiente]-[regiao]-NNN'"
"PlanApp-nprd-sub001","pla-we-nprd-inalab-rg001","aca-env-planappdeepresearch-p","microsoft.app/managedenvironments","cae","Nome não segue padrão v2.0: esperado 'cae-[workload]-[ambiente]-[regiao]-NNN'"
"PlanApp-nprd-sub001","pla-we-nprd-naelabs-rg001","obstaculos-env","microsoft.app/managedenvironments","cae","Nome não segue padrão v2.0: esperado 'cae-[workload]-[ambiente]-[regiao]-NNN'"
"PlanApp-nprd-sub001","pla-we-dev-adse-rg001","pla-we-dev-adse-cae002","microsoft.app/managedenvironments","cae","Nome não segue padrão v2.0: esperado 'cae-[workload]-[ambiente]-[regiao]-NNN'"
"PlanApp-nprd-sub001","pla-we-nprd-inalab-rg001","nprd-inalab-reg001","microsoft.cache/redis","redis","Nome não segue padrão v2.0: esperado 'redis-[workload]-[ambiente]-[regiao]-NNN'"
"PlanApp-nprd-sub001","pla-we-dev-adse-rg001","pla-we-dev-adse-redis001","microsoft.cache/redis","redis","Nome não segue padrão v2.0: esperado 'redis-[workload]-[ambiente]-[regiao]-NNN'"
"PlanApp-nprd-sub001","gpt-npr-0001","DocIntel-001","microsoft.cognitiveservices/accounts","cog","Nome não segue padrão v2.0: esperado 'cog-[workload]-[ambiente]-[regiao]-NNN'"
"PlanApp-nprd-sub001","gpt-npr-0001","deepr-lab-v001-resource","microsoft.cognitiveservices/accounts","cog","Nome não segue padrão v2.0: esperado 'cog-[workload]-[ambiente]-[regiao]-NNN'"
"PlanApp-nprd-sub001","gpt-npr-0001","dev-ai-nprd-002","microsoft.cognitiveservices/accounts","cog","Nome não segue padrão v2.0: esperado 'cog-[workload]-[ambiente]-[regiao]-NNN'"
"PlanApp-nprd-sub001","gpt-npr-0001","dev-ai-nrpd-001","microsoft.cognitiveservices/accounts","cog","Nome não segue padrão v2.0: esperado 'cog-[workload]-[ambiente]-[regiao]-NNN'"
"PlanApp-nprd-sub001","pla-we-nprd-agents-rg001","dev-ai-nrpd-ag001","microsoft.cognitiveservices/accounts","cog","Nome não segue padrão v2.0: esperado 'cog-[workload]-[ambiente]-[regiao]-NNN'"
"PlanApp-nprd-sub001","gpt-npr-0001","henri-m8e841o1-swedencentral","microsoft.cognitiveservices/accounts","cog","Nome não segue padrão v2.0: esperado 'cog-[workload]-[ambiente]-[regiao]-NNN'"
"PlanApp-nprd-sub001","gpt-npr-0001","henri-mi00egnr-norwayeast","microsoft.cognitiveservices/accounts","cog","Nome não segue padrão v2.0: esperado 'cog-[workload]-[ambiente]-[regiao]-NNN'"
"PlanApp-nprd-sub001","pla-we-nprd-prisma-rg001","hugomoreira-9276-resource","microsoft.cognitiveservices/accounts","cog","Nome não segue padrão v2.0: esperado 'cog-[workload]-[ambiente]-[regiao]-NNN'"
"PlanApp-nprd-sub001","pla-we-nprd-gsees-rg001","pla-sc-nprd-gsees-aoai001","microsoft.cognitiveservices/accounts","cog","Nome não segue padrão v2.0: esperado 'cog-[workload]-[ambiente]-[regiao]-NNN'"
"PlanApp-nprd-sub001","gpt-npr-0001","tiago-mmjaibi7-swedencentral","microsoft.cognitiveservices/accounts","cog","Nome não segue padrão v2.0: esperado 'cog-[workload]-[ambiente]-[regiao]-NNN'"
"PlanApp-nprd-sub001","pla-we-nprd-gesdoc-rg001","datadisk-vm-nprd-GesDoc001","microsoft.compute/disks","disk","Nome não segue padrão v2.0: esperado 'disk-[workload]-[ambiente]-[regiao]-NNN'"
"PlanApp-nprd-sub001","pla-we-nprd-prisma-rg001","pla-we-nrpd-prisma-vm001_OsDisk_1_5d2efebca7b54e65b8354f4ef839c1f7","microsoft.compute/disks","disk","Nome não segue padrão v2.0: esperado 'disk-[workload]-[ambiente]-[regiao]-NNN'"
"PlanApp-nprd-sub001","pla-we-nprd-gesdoc-rg001","vm-np-GesDoc002_DataDisk_0","microsoft.compute/disks","disk","Nome não segue padrão v2.0: esperado 'disk-[workload]-[ambiente]-[regiao]-NNN'"
"PlanApp-nprd-sub001","pla-we-nprd-gesdoc-rg001","vm-np-GesDoc002_OsDisk_1_82c6925ebff94a5b9a5be5e04a7a9960","microsoft.compute/disks","disk","Nome não segue padrão v2.0: esperado 'disk-[workload]-[ambiente]-[regiao]-NNN'"
"PlanApp-nprd-sub001","pla-we-nprd-gesdoc-rg001","vm-nprd-GesDoc001_OsDisk_1_e8e42e01d85c42cab55793e2b84ab60c","microsoft.compute/disks","disk","Nome não segue padrão v2.0: esperado 'disk-[workload]-[ambiente]-[regiao]-NNN'"
"PlanApp-nprd-sub001","pla-we-shared-mgmt-rg001","vm-nprd-mgmt001-OSDisk","microsoft.compute/disks","disk","Nome não segue padrão v2.0: esperado 'disk-[workload]-[ambiente]-[regiao]-NNN'"
"PlanApp-nprd-sub001","pla-we-poc-ai2-rg001","vm-poc-ai2001-OSDisk","microsoft.compute/disks","disk","Nome não segue padrão v2.0: esperado 'disk-[workload]-[ambiente]-[regiao]-NNN'"
"PlanApp-nprd-sub001","pla-we-poc-ai2-rg001","vm-poc-ai2001-OSDisk-Temp","microsoft.compute/disks","disk","Nome não segue padrão v2.0: esperado 'disk-[workload]-[ambiente]-[regiao]-NNN'"
"PlanApp-nprd-sub001","pla-we-poc-ai2-rg001","VM-AI2-OSDisk-snap001-20230619T183323","microsoft.compute/snapshots","snap","Nome não segue padrão v2.0: esperado 'snap-[workload]-[ambiente]-[regiao]-NNN'"
"PlanApp-nprd-sub001","pla-we-poc-ai2-rg001","VM-AI2-OSDisk-snap001-20230620T010352","microsoft.compute/snapshots","snap","Nome não segue padrão v2.0: esperado 'snap-[workload]-[ambiente]-[regiao]-NNN'"
"PlanApp-nprd-sub001","pla-we-nprd-prisma-rg001","pla-we-nrpd-prisma-vm001","microsoft.compute/virtualmachines","vm","Nome não segue padrão v2.0: esperado 'vm-[workload]-[ambiente]-[regiao]-NNN'"
"PlanApp-nprd-sub001","pla-we-nprd-naelabs-rg001","acrnaeobstaculos","microsoft.containerregistry/registries","cr","Nome não segue padrão v2.0: esperado 'cr-[workload]-[ambiente]-[regiao]-NNN'"
"PlanApp-nprd-sub001","pla-we-nprd-inalab-rg001","acrplanappdeepresearchp","microsoft.containerregistry/registries","cr","Nome não segue padrão v2.0: esperado 'cr-[workload]-[ambiente]-[regiao]-NNN'"
"PlanApp-nprd-sub001","pla-itn-ml-rg001","aeb7292304d849d59f0e0b3109495af9","microsoft.containerregistry/registries","cr","Nome não segue padrão v2.0: esperado 'cr-[workload]-[ambiente]-[regiao]-NNN'"
"PlanApp-nprd-sub001","pla-we-nprd-inalab-rg001","c453fefb26bb4dd79d58f02bcbb7ba22","microsoft.containerregistry/registries","cr","Nome não segue padrão v2.0: esperado 'cr-[workload]-[ambiente]-[regiao]-NNN'"
"PlanApp-nprd-sub001","gpt-npr-0001","crlabs","microsoft.containerregistry/registries","cr","Nome não segue padrão v2.0: esperado 'cr-[workload]-[ambiente]-[regiao]-NNN'"
"PlanApp-nprd-sub001","pla-we-dev-adse-rg001","plaweadsecrdev001","microsoft.containerregistry/registries","cr","Nome não segue padrão v2.0: esperado 'cr-[workload]-[ambiente]-[regiao]-NNN'"
"PlanApp-nprd-sub001","pla-we-nprd-gesdoc-rg001","insights-gesdoc-001","microsoft.insights/components","appi","Nome não segue padrão v2.0: esperado 'appi-[workload]-[ambiente]-[regiao]-NNN'"
"PlanApp-nprd-sub001","pla-we-dev-adse-rg001","pla-we-dev-adse-appi001","microsoft.insights/components","appi","Nome não segue padrão v2.0: esperado 'appi-[workload]-[ambiente]-[regiao]-NNN'"
"PlanApp-nprd-sub001","pla-we-nprd-nltr-rg001","pla-we-nprd-nltr-appi001","microsoft.insights/components","appi","Nome não segue padrão v2.0: esperado 'appi-[workload]-[ambiente]-[regiao]-NNN'"
"PlanApp-nprd-sub001","pla-itn-ml-rg001","plaitnaml0013638706752","microsoft.insights/components","appi","Nome não segue padrão v2.0: esperado 'appi-[workload]-[ambiente]-[regiao]-NNN'"
"PlanApp-nprd-sub001","pla-we-nprd-inalab-rg001","plawenprinsightsaf1aa104","microsoft.insights/components","appi","Nome não segue padrão v2.0: esperado 'appi-[workload]-[ambiente]-[regiao]-NNN'"
"PlanApp-nprd-sub001","pla-we-nprd-inalab-rg001","kvplanappdeepresearchp","microsoft.keyvault/vaults","kv","Nome não segue padrão v2.0: esperado 'kv-[workload]-[ambiente]-[regiao]-NNN'"
"PlanApp-nprd-sub001","pla-we-dev-adse-rg001","pla-we-dev-adse-kv001","microsoft.keyvault/vaults","kv","Nome não segue padrão v2.0: esperado 'kv-[workload]-[ambiente]-[regiao]-NNN'"
"PlanApp-nprd-sub001","pla-we-nprd-inalab-rg001","pla-we-nprd-gps-identity","microsoft.keyvault/vaults","kv","Nome não segue padrão v2.0: esperado 'kv-[workload]-[ambiente]-[regiao]-NNN'"
"PlanApp-nprd-sub001","pla-we-nprd-netsec-rg001","pla-we-nprd-netsec-kv001","microsoft.keyvault/vaults","kv","Nome não segue padrão v2.0: esperado 'kv-[workload]-[ambiente]-[regiao]-NNN'"
"PlanApp-nprd-sub001","pla-we-nprd-nltr-rg001","pla-we-nprd-nltr-kv001","microsoft.keyvault/vaults","kv","Nome não segue padrão v2.0: esperado 'kv-[workload]-[ambiente]-[regiao]-NNN'"
"PlanApp-nprd-sub001","pla-we-nprd-prisma-rg001","pla-we-prd-prisma-kv001","microsoft.keyvault/vaults","kv","Nome não segue padrão v2.0: esperado 'kv-[workload]-[ambiente]-[regiao]-NNN'"
"PlanApp-nprd-sub001","pla-itn-ml-rg001","plaitnaml0018275899334","microsoft.keyvault/vaults","kv","Nome não segue padrão v2.0: esperado 'kv-[workload]-[ambiente]-[regiao]-NNN'"
"PlanApp-nprd-sub001","pla-we-nprd-inalab-rg001","plawenprkeyvault9d67d7b8","microsoft.keyvault/vaults","kv","Nome não segue padrão v2.0: esperado 'kv-[workload]-[ambiente]-[regiao]-NNN'"
"PlanApp-nprd-sub001","gpt-npr-0001","labs","microsoft.machinelearningservices/workspaces","mlw","Nome não segue padrão v2.0: esperado 'mlw-[workload]-[ambiente]-[regiao]-NNN'"
"PlanApp-nprd-sub001","pla-itn-ml-rg001","pla-itn-aml001","microsoft.machinelearningservices/workspaces","mlw","Nome não segue padrão v2.0: esperado 'mlw-[workload]-[ambiente]-[regiao]-NNN'"
"PlanApp-nprd-sub001","gpt-npr-0001","pla-swc-hub-001","microsoft.machinelearningservices/workspaces","mlw","Nome não segue padrão v2.0: esperado 'mlw-[workload]-[ambiente]-[regiao]-NNN'"
"PlanApp-nprd-sub001","pla-we-nprd-inalab-rg001","pla-we-nprd-inalab-mlw001","microsoft.machinelearningservices/workspaces","mlw","Nome não segue padrão v2.0: esperado 'mlw-[workload]-[ambiente]-[regiao]-NNN'"
"PlanApp-nprd-sub001","pla-we-nprd-prisma-rg001","pla-we-nrpd-prisma-vm001178_z1","microsoft.network/networkinterfaces","nic","Nome não segue padrão v2.0: esperado 'nic-[workload]-[ambiente]-[regiao]-NNN'"
"PlanApp-nprd-sub001","pla-we-nprd-gesdoc-rg001","vm-np-gesdoc002463","microsoft.network/networkinterfaces","nic","Nome não segue padrão v2.0: esperado 'nic-[workload]-[ambiente]-[regiao]-NNN'"
"PlanApp-nprd-sub001","pla-we-nprd-gesdoc-rg001","vm-nprd-gesdoc001993","microsoft.network/networkinterfaces","nic","Nome não segue padrão v2.0: esperado 'nic-[workload]-[ambiente]-[regiao]-NNN'"
"PlanApp-nprd-sub001","pla-we-shared-mgmt-rg001","vm-nprd-mgmt001-nic001","microsoft.network/networkinterfaces","nic","Nome não segue padrão v2.0: esperado 'nic-[workload]-[ambiente]-[regiao]-NNN'"
"PlanApp-nprd-sub001","pla-we-poc-ai2-rg001","vm-poc-ai2001-nic","microsoft.network/networkinterfaces","nic","Nome não segue padrão v2.0: esperado 'nic-[workload]-[ambiente]-[regiao]-NNN'"
"PlanApp-nprd-sub001","pla-we-nprd-netsec-rg001","pla-we-nprd-shared-vnet001-nprd-mngt-snet001-nsg001","microsoft.network/networksecuritygroups","nsg","Nome não segue padrão v2.0: esperado 'nsg-[workload]-[ambiente]-[regiao]-NNN'"
"PlanApp-nprd-sub001","pla-we-nprd-prisma-rg001","pla-we-nrpd-prisma-vm001-nsg","microsoft.network/networksecuritygroups","nsg","Nome não segue padrão v2.0: esperado 'nsg-[workload]-[ambiente]-[regiao]-NNN'"
"PlanApp-nprd-sub001","pla-we-nprd-gesdoc-rg001","vm-nprd-gesdoc001993-nsg","microsoft.network/networksecuritygroups","nsg","Nome não segue padrão v2.0: esperado 'nsg-[workload]-[ambiente]-[regiao]-NNN'"
"PlanApp-nprd-sub001","pla-we-npr-ai-datascience-lab-001","privatelink.database.windows.net","microsoft.network/privatednszones","dnspr","Nome não segue padrão v2.0: esperado 'dnspr-[workload]-[ambiente]-[regiao]-NNN'"
"PlanApp-nprd-sub001","pla-we-nprd-sites-rg001","privatelink.postgres.database.azure.com","microsoft.network/privatednszones","dnspr","Nome não segue padrão v2.0: esperado 'dnspr-[workload]-[ambiente]-[regiao]-NNN'"
"PlanApp-nprd-sub001","pla-we-nprd-sites-rg001","privatelink.redis.cache.windows.net","microsoft.network/privatednszones","dnspr","Nome não segue padrão v2.0: esperado 'dnspr-[workload]-[ambiente]-[regiao]-NNN'"
"PlanApp-nprd-sub001","pla-sc-nprd-staging-rg001","stagingpor-fc84df7a80-privatelink.mysql.database.azure.com","microsoft.network/privatednszones","dnspr","Nome não segue padrão v2.0: esperado 'dnspr-[workload]-[ambiente]-[regiao]-NNN'"
"PlanApp-nprd-sub001","pla-we-npr-ai-datascience-lab-001","ai-datascience-lab-ip","microsoft.network/publicipaddresses","pip","Nome não segue padrão v2.0: esperado 'pip-[workload]-[ambiente]-[regiao]-NNN'"
"PlanApp-nprd-sub001","pla-we-nprd-prisma-rg001","pla-we-nrpd-prisma-vm001-ip","microsoft.network/publicipaddresses","pip","Nome não segue padrão v2.0: esperado 'pip-[workload]-[ambiente]-[regiao]-NNN'"
"PlanApp-nprd-sub001","pla-sc-nprd-staging-rg001","pla-sc-nprd-staging-vnet001-nprd-staging-snet001-rt001","microsoft.network/routetables","rt","Nome não segue padrão v2.0: esperado 'rt-[workload]-[ambiente]-[regiao]-NNN'"
"PlanApp-nprd-sub001","pla-we-nprd-inalab-rg001","pla-we-nprd-inalab-vnet001-nprd-inalab-snet001-rt001","microsoft.network/routetables","rt","Nome não segue padrão v2.0: esperado 'rt-[workload]-[ambiente]-[regiao]-NNN'"
"PlanApp-nprd-sub001","pla-we-nprd-naelabs-rg001","pla-we-nprd-naelabs-vnet001-nprd-naelabs-snet001-rt001","microsoft.network/routetables","rt","Nome não segue padrão v2.0: esperado 'rt-[workload]-[ambiente]-[regiao]-NNN'"
"PlanApp-nprd-sub001","pla-we-nprd-netsec-rg001","pla-we-nprd-shared-vnet001-poc-ai2-snet001-rt001","microsoft.network/routetables","rt","Nome não segue padrão v2.0: esperado 'rt-[workload]-[ambiente]-[regiao]-NNN'"
"PlanApp-nprd-sub001","pla-we-nprd-netsec-rg001","pla-we-nprd-shared-vnet001-rt001","microsoft.network/routetables","rt","Nome não segue padrão v2.0: esperado 'rt-[workload]-[ambiente]-[regiao]-NNN'"
"PlanApp-nprd-sub001","pla-sc-nprd-staging-rg001","pla-sc-nprd-staging-vnet001","microsoft.network/virtualnetworks","vnet","Nome não segue padrão v2.0: esperado 'vnet-[workload]-[ambiente]-[regiao]-NNN'"
"PlanApp-nprd-sub001","pla-we-npr-ai-datascience-lab-001","pla-we-nprd-datascience-vnet001","microsoft.network/virtualnetworks","vnet","Nome não segue padrão v2.0: esperado 'vnet-[workload]-[ambiente]-[regiao]-NNN'"
"PlanApp-nprd-sub001","pla-we-nprd-inalab-rg001","pla-we-nprd-inalab-vnet001","microsoft.network/virtualnetworks","vnet","Nome não segue padrão v2.0: esperado 'vnet-[workload]-[ambiente]-[regiao]-NNN'"
"PlanApp-nprd-sub001","pla-we-nprd-naelabs-rg001","pla-we-nprd-naelabs-vnet001","microsoft.network/virtualnetworks","vnet","Nome não segue padrão v2.0: esperado 'vnet-[workload]-[ambiente]-[regiao]-NNN'"
"PlanApp-nprd-sub001","pla-we-nprd-netsec-rg001","pla-we-nprd-shared-vnet001","microsoft.network/virtualnetworks","vnet","Nome não segue padrão v2.0: esperado 'vnet-[workload]-[ambiente]-[regiao]-NNN'"
"PlanApp-nprd-sub001","pla-we-nprd-sites-rg001","siail-pp-v2Vnet","microsoft.network/virtualnetworks","vnet","Nome não segue padrão v2.0: esperado 'vnet-[workload]-[ambiente]-[regiao]-NNN'"
"PlanApp-nprd-sub001","defaultresourcegroup-weu","DefaultWorkspace-e00af217-2e9b-4bcc-a0f3-1f2225db4031-WEU","microsoft.operationalinsights/workspaces","law","Nome não segue padrão v2.0: esperado 'law-[workload]-[ambiente]-[regiao]-NNN'"
"PlanApp-nprd-sub001","pla-we-nprd-inalab-rg001","log-planappdeepresearch-p","microsoft.operationalinsights/workspaces","law","Nome não segue padrão v2.0: esperado 'law-[workload]-[ambiente]-[regiao]-NNN'"
"PlanApp-nprd-sub001","ai_pla-we-dev-adse-appi001_7cd251b0-287e-429e-aa69-0b95f89b58a3_managed","managed-pla-we-dev-adse-appi001-ws","microsoft.operationalinsights/workspaces","law","Nome não segue padrão v2.0: esperado 'law-[workload]-[ambiente]-[regiao]-NNN'"
"PlanApp-nprd-sub001","ai_pla-we-nprd-nltr-appi001_e2ff2377-8a27-4330-b9ac-f9cb6ebedf18_managed","managed-pla-we-nprd-nltr-appi001-ws","microsoft.operationalinsights/workspaces","law","Nome não segue padrão v2.0: esperado 'law-[workload]-[ambiente]-[regiao]-NNN'"
"PlanApp-nprd-sub001","pla-we-dev-adse-rg001","pla-we-dev-adse-law001","microsoft.operationalinsights/workspaces","law","Nome não segue padrão v2.0: esperado 'law-[workload]-[ambiente]-[regiao]-NNN'"
"PlanApp-nprd-sub001","pla-itn-ml-rg001","plaitnaml0013391361486","microsoft.operationalinsights/workspaces","law","Nome não segue padrão v2.0: esperado 'law-[workload]-[ambiente]-[regiao]-NNN'"
"PlanApp-nprd-sub001","pla-we-nprd-inalab-rg001","plawenprlogalyti53bcd8c2","microsoft.operationalinsights/workspaces","law","Nome não segue padrão v2.0: esperado 'law-[workload]-[ambiente]-[regiao]-NNN'"
"PlanApp-nprd-sub001","pla-we-nprd-naelabs-rg001","workspace-plawenprdnaelabsrg001zcf8","microsoft.operationalinsights/workspaces","law","Nome não segue padrão v2.0: esperado 'law-[workload]-[ambiente]-[regiao]-NNN'"
"PlanApp-nprd-sub001","pla-we-nprd-agents-rg001","agentrhcompetencias","microsoft.search/searchservices","srch","Nome não segue padrão v2.0: esperado 'srch-[workload]-[ambiente]-[regiao]-NNN'"
"PlanApp-nprd-sub001","pla-itn-ml-rg001","plaitnaml0012360377538","microsoft.storage/storageaccounts","sa","Storage Account deve começar por 'st' sem hífens (máx 24 chars)"
"PlanApp-nprd-sub001","gpt-npr-0001","plaswchub0014002712528","microsoft.storage/storageaccounts","sa","Storage Account deve começar por 'st' sem hífens (máx 24 chars)"
"PlanApp-nprd-sub001","pla-we-dev-adse-rg001","plawedevadsesa001","microsoft.storage/storageaccounts","sa","Storage Account deve começar por 'st' sem hífens (máx 24 chars)"
"PlanApp-nprd-sub001","pla-we-shared-mgmt-rg001","plawenprdlogssa001","microsoft.storage/storageaccounts","sa","Storage Account deve começar por 'st' sem hífens (máx 24 chars)"
"PlanApp-nprd-sub001","pla-we-nprd-nltr-rg001","plawenprdnltrsa001","microsoft.storage/storageaccounts","sa","Storage Account deve começar por 'st' sem hífens (máx 24 chars)"
"PlanApp-nprd-sub001","pla-we-nprd-inalab-rg001","plawenprstorage8e200ed02","microsoft.storage/storageaccounts","sa","Storage Account deve começar por 'st' sem hífens (máx 24 chars)"
"PlanApp-nprd-sub001","pla-we-poc-ai2-rg001","plawepocai2sa001","microsoft.storage/storageaccounts","sa","Storage Account deve começar por 'st' sem hífens (máx 24 chars)"
"PlanApp-nprd-sub001","pla-we-nprd-prisma-rg001","prismasa001","microsoft.storage/storageaccounts","sa","Storage Account deve começar por 'st' sem hífens (máx 24 chars)"
"PlanApp-nprd-sub001","pla-we-nprd-nltr-rg001","WestEuropeLinuxDynamicPlan","microsoft.web/serverfarms","asp","Nome não segue padrão v2.0: esperado 'asp-[workload]-[ambiente]-[regiao]-NNN'"
"PlanApp-nprd-sub001","pla-we-nprd-sites-rg001","chatPLANAPP","microsoft.web/sites","app","Nome não segue padrão v2.0: esperado 'app-[workload]-[ambiente]-[regiao]-NNN'"
"PlanApp-nprd-sub001","pla-we-nprd-nltr-rg001","pla-we-nprd-nltr-func001","microsoft.web/sites","app","Nome não segue padrão v2.0: esperado 'app-[workload]-[ambiente]-[regiao]-NNN'"
"PlanApp-nprd-sub001","rg-servicedesk-dashboard","servicedesk-dashboard-planapp","microsoft.web/sites","app","Nome não segue padrão v2.0: esperado 'app-[workload]-[ambiente]-[regiao]-NNN'"
"PlanApp-nprd-sub001","pla-we-nprd-sites-rg001","siail-pp-v2","microsoft.web/sites","app","Nome não segue padrão v2.0: esperado 'app-[workload]-[ambiente]-[regiao]-NNN'"
"PlanApp-nprd-sub001","pla-sc-nprd-staging-rg001","staging-portal","microsoft.web/sites","app","Nome não segue padrão v2.0: esperado 'app-[workload]-[ambiente]-[regiao]-NNN'"
"PlanApp-nprd-sub001","pla-we-nprd-inalab-rg001","vatdash","microsoft.web/sites","app","Nome não segue padrão v2.0: esperado 'app-[workload]-[ambiente]-[regiao]-NNN'"
